BRAND_NAME,COMP_NAME,MOLECULE_NAME,THERAPY_AREA,SEGMENT,REGION,PERIOD,MAT_VAL,PREV_MAT_VAL,MAT_UNITS,PREV_MAT_UNITS
Acnetrex,Rivona Labs,Isotretinoin,Dermatology,Anti-Acne,North,MAT Aug 2026,234679255,207924221,550381,518493
Acnetrex,Rivona Labs,Isotretinoin,Dermatology,Anti-Acne,South,MAT Aug 2026,232586640,194129198,552944,490723
Acnetrex,Rivona Labs,Isotretinoin,Dermatology,Anti-Acne,West,MAT Aug 2026,214097263,184049647,546130,499193
Acnetrex,Rivona Labs,Isotretinoin,Dermatology,Anti-Acne,East,MAT Aug 2026,119769241,107957284,312567,299570
Acnetrex,Rivona Labs,Isotretinoin,Dermatology,Anti-Acne,Central,MAT Aug 2026,118867601,101400925,292755,265541
Acnovia,Aurex Life Sciences,Adapalene,Dermatology,Anti-Acne,North,MAT Aug 2026,81774489,74739581,187474,177704
Acnovia,Aurex Life Sciences,Adapalene,Dermatology,Anti-Acne,South,MAT Aug 2026,84495372,71989906,193308,170809
Acnovia,Aurex Life Sciences,Adapalene,Dermatology,Anti-Acne,West,MAT Aug 2026,58359898,51108788,132557,120395
Acnovia,Aurex Life Sciences,Adapalene,Dermatology,Anti-Acne,East,MAT Aug 2026,43883784,39798608,100613,94632
Acnovia,Aurex Life Sciences,Adapalene,Dermatology,Anti-Acne,Central,MAT Aug 2026,41486458,36954556,89063,82277
Adaclear,Halcyon Pharma,Adapalene,Dermatology,Anti-Acne,North,MAT Aug 2026,266357332,232285832,705618,644759
Adaclear,Halcyon Pharma,Adapalene,Dermatology,Anti-Acne,South,MAT Aug 2026,319962497,258769294,868110,735627
Adaclear,Halcyon Pharma,Adapalene,Dermatology,Anti-Acne,West,MAT Aug 2026,280965139,238849687,742869,661689
Adaclear,Halcyon Pharma,Adapalene,Dermatology,Anti-Acne,East,MAT Aug 2026,163729077,144222832,418150,385931
Adaclear,Halcyon Pharma,Adapalene,Dermatology,Anti-Acne,Central,MAT Aug 2026,148985955,126011241,382859,339291
Adalin-C,Denvo Healthcare,Adapalene + Clindamycin,Dermatology,Anti-Acne,North,MAT Aug 2026,163544859,135557446,377367,326520
Adalin-C,Denvo Healthcare,Adapalene + Clindamycin,Dermatology,Anti-Acne,South,MAT Aug 2026,136658453,107284903,322048,263926
Adalin-C,Denvo Healthcare,Adapalene + Clindamycin,Dermatology,Anti-Acne,West,MAT Aug 2026,128706228,103873534,315926,266164
Adalin-C,Denvo Healthcare,Adapalene + Clindamycin,Dermatology,Anti-Acne,East,MAT Aug 2026,68513674,56926809,152388,132176
Adalin-C,Denvo Healthcare,Adapalene + Clindamycin,Dermatology,Anti-Acne,Central,MAT Aug 2026,82576786,67707069,205361,175773
Adaplus,Kestrel Biosciences,Adapalene,Dermatology,Anti-Acne,North,MAT Aug 2026,86710575,68913613,212332,179768
Adaplus,Kestrel Biosciences,Adapalene,Dermatology,Anti-Acne,South,MAT Aug 2026,66657143,49253802,165898,130587
Adaplus,Kestrel Biosciences,Adapalene,Dermatology,Anti-Acne,Central,MAT Aug 2026,36632282,28504586,98109,81325
Azelac,Crestlin Pharma,Azelaic Acid,Dermatology,Anti-Acne,North,MAT Aug 2026,47215932,39516205,105903,93234
Azelac,Crestlin Pharma,Azelaic Acid,Dermatology,Anti-Acne,South,MAT Aug 2026,42950849,33517299,96628,79320
Azelac,Crestlin Pharma,Azelaic Acid,Dermatology,Anti-Acne,West,MAT Aug 2026,29833219,24253172,66008,56448
Azeladerm,Sanchit Remedies,Azelaic Acid,Dermatology,Anti-Acne,North,MAT Aug 2026,116544280,99083256,297518,269180
Azeladerm,Sanchit Remedies,Azelaic Acid,Dermatology,Anti-Acne,South,MAT Aug 2026,93098022,74980731,220174,188711
Azeladerm,Sanchit Remedies,Azelaic Acid,Dermatology,Anti-Acne,West,MAT Aug 2026,93071036,76947029,237857,209273
Azeladerm,Sanchit Remedies,Azelaic Acid,Dermatology,Anti-Acne,East,MAT Aug 2026,51422473,44671196,117562,108683
Azeladerm,Sanchit Remedies,Azelaic Acid,Dermatology,Anti-Acne,Central,MAT Aug 2026,55864190,45880339,135606,118520
Benzalux,Orbis Derma,Benzoyl Peroxide,Dermatology,Anti-Acne,North,MAT Aug 2026,67687499,63064227,202325,196547
Benzalux,Orbis Derma,Benzoyl Peroxide,Dermatology,Anti-Acne,East,MAT Aug 2026,46343585,44259160,130100,129548
Benzalux,Orbis Derma,Benzoyl Peroxide,Dermatology,Anti-Acne,Central,MAT Aug 2026,45968915,41751626,130123,123227
Benzoclear,Amaris Pharma,Benzoyl Peroxide,Dermatology,Anti-Acne,North,MAT Aug 2026,172484784,159449752,494085,486237
Benzoclear,Amaris Pharma,Benzoyl Peroxide,Dermatology,Anti-Acne,South,MAT Aug 2026,175761064,150803192,467595,427101
Benzoclear,Amaris Pharma,Benzoyl Peroxide,Dermatology,Anti-Acne,West,MAT Aug 2026,139998194,126007619,371168,355646
Benzoclear,Amaris Pharma,Benzoyl Peroxide,Dermatology,Anti-Acne,East,MAT Aug 2026,73989985,69674483,209893,210413
Benzoclear,Amaris Pharma,Benzoyl Peroxide,Dermatology,Anti-Acne,Central,MAT Aug 2026,107765973,95774598,283182,267922
Clindaqua,Verdant Derma,Clindamycin,Dermatology,Anti-Acne,North,MAT Aug 2026,85725189,80626551,194206,190498
Clindaqua,Verdant Derma,Clindamycin,Dermatology,Anti-Acne,South,MAT Aug 2026,86268495,77292170,205709,192219
Clindaqua,Verdant Derma,Clindamycin,Dermatology,Anti-Acne,West,MAT Aug 2026,87070091,80229027,194754,187158
Clindaqua,Verdant Derma,Clindamycin,Dermatology,Anti-Acne,East,MAT Aug 2026,47826631,45716707,107718,107387
Clindaqua,Verdant Derma,Clindamycin,Dermatology,Anti-Acne,Central,MAT Aug 2026,53109594,50196670,124300,122527
Isoclear,Lumis Pharma,Isotretinoin,Dermatology,Anti-Acne,North,MAT Aug 2026,74195184,59636555,160744,133913
Isoclear,Lumis Pharma,Isotretinoin,Dermatology,Anti-Acne,South,MAT Aug 2026,60577487,46284017,127891,101277
Isoclear,Lumis Pharma,Isotretinoin,Dermatology,Anti-Acne,West,MAT Aug 2026,51163335,39954088,102354,82843
Isoclear,Lumis Pharma,Isotretinoin,Dermatology,Anti-Acne,East,MAT Aug 2026,40685866,33325458,84422,71671
Isoclear,Lumis Pharma,Isotretinoin,Dermatology,Anti-Acne,Central,MAT Aug 2026,43378128,33877161,91719,74241
Retinova,Trilok Healthcare,Isotretinoin,Dermatology,Anti-Acne,North,MAT Aug 2026,66132444,57503836,172052,159701
Retinova,Trilok Healthcare,Isotretinoin,Dermatology,Anti-Acne,East,MAT Aug 2026,37177560,32810809,89603,84416
Retinova,Trilok Healthcare,Isotretinoin,Dermatology,Anti-Acne,Central,MAT Aug 2026,36689996,31089326,98277,88896
Amorofix,Trilok Healthcare,Amorolfine,Dermatology,Antifungals,North,MAT Aug 2026,95903223,85499473,325011,300694
Amorofix,Trilok Healthcare,Amorolfine,Dermatology,Antifungals,South,MAT Aug 2026,85674168,71749986,291528,253366
Amorofix,Trilok Healthcare,Amorolfine,Dermatology,Antifungals,West,MAT Aug 2026,78213707,66760938,262812,232800
Amorofix,Trilok Healthcare,Amorolfine,Dermatology,Antifungals,East,MAT Aug 2026,39600235,35993137,134323,126698
Amorofix,Trilok Healthcare,Amorolfine,Dermatology,Antifungals,Central,MAT Aug 2026,40608668,35409065,127702,115556
Dermalite,Denvo Healthcare,Ketoconazole,Dermatology,Antifungals,North,MAT Aug 2026,88940212,85774972,332459,332288
Dermalite,Denvo Healthcare,Ketoconazole,Dermatology,Antifungals,East,MAT Aug 2026,53747372,51978996,208767,209242
Dermalite,Denvo Healthcare,Ketoconazole,Dermatology,Antifungals,Central,MAT Aug 2026,37312416,34573202,139601,134057
Dermazol,Nordic Remedies India,Terbinafine,Dermatology,Antifungals,North,MAT Aug 2026,550022705,477711925,1739257,1595005
Dermazol,Nordic Remedies India,Terbinafine,Dermatology,Antifungals,South,MAT Aug 2026,487136243,400879196,1562708,1357856
Dermazol,Nordic Remedies India,Terbinafine,Dermatology,Antifungals,West,MAT Aug 2026,468164294,404929878,1606711,1467344
Dermazol,Nordic Remedies India,Terbinafine,Dermatology,Antifungals,East,MAT Aug 2026,273840446,245699233,841379,797096
Dermazol,Nordic Remedies India,Terbinafine,Dermatology,Antifungals,Central,MAT Aug 2026,200836311,170947504,663901,596673
Fungiban,Bharat Cutis,Ketoconazole,Dermatology,Antifungals,North,MAT Aug 2026,67328569,72974006,259734,297548
Fungiban,Bharat Cutis,Ketoconazole,Dermatology,Antifungals,South,MAT Aug 2026,69910869,69841643,254109,268318
Fungiban,Bharat Cutis,Ketoconazole,Dermatology,Antifungals,West,MAT Aug 2026,72294207,76231189,273651,304990
Fungiban,Bharat Cutis,Ketoconazole,Dermatology,Antifungals,East,MAT Aug 2026,37900292,41678337,135627,157643
Fungiban,Bharat Cutis,Ketoconazole,Dermatology,Antifungals,Central,MAT Aug 2026,42566063,44625145,151907,168327
Fungiclear,Vantiva Healthcare,Luliconazole,Dermatology,Antifungals,North,MAT Aug 2026,272215332,222838333,825019,706788
Fungiclear,Vantiva Healthcare,Luliconazole,Dermatology,Antifungals,South,MAT Aug 2026,749366847,570430945,2222676,1770649
Fungiclear,Vantiva Healthcare,Luliconazole,Dermatology,Antifungals,West,MAT Aug 2026,322511635,251613308,986082,805098
Fungiclear,Vantiva Healthcare,Luliconazole,Dermatology,Antifungals,East,MAT Aug 2026,232908342,191758979,734649,632993
Fungiclear,Vantiva Healthcare,Luliconazole,Dermatology,Antifungals,Central,MAT Aug 2026,162997844,129564448,499658,415647
Itracare,Kritika Labs,Itraconazole,Dermatology,Antifungals,North,MAT Aug 2026,284264817,249163857,1093442,1021373
Itracare,Kritika Labs,Itraconazole,Dermatology,Antifungals,South,MAT Aug 2026,289932058,238660512,1111940,975422
Itracare,Kritika Labs,Itraconazole,Dermatology,Antifungals,West,MAT Aug 2026,272558672,230658297,973987,878393
Itracare,Kritika Labs,Itraconazole,Dermatology,Antifungals,East,MAT Aug 2026,150394079,135072660,584935,559850
Itracare,Kritika Labs,Itraconazole,Dermatology,Antifungals,Central,MAT Aug 2026,122850375,104879332,473340,430639
Itrasol,Aventra Healthcare,Itraconazole,Dermatology,Antifungals,West,MAT Aug 2026,94058805,83029253,335533,310217
Itrasol,Aventra Healthcare,Itraconazole,Dermatology,Antifungals,East,MAT Aug 2026,47691058,43039452,179959,170099
Itrasol,Aventra Healthcare,Itraconazole,Dermatology,Antifungals,Central,MAT Aug 2026,58250137,50582323,218610,198825
Itrazen,Elvia Sciences,Itraconazole,Dermatology,Antifungals,North,MAT Aug 2026,70621489,58347848,222811,194207
Itrazen,Elvia Sciences,Itraconazole,Dermatology,Antifungals,South,MAT Aug 2026,58153046,45869806,180752,150410
Itrazen,Elvia Sciences,Itraconazole,Dermatology,Antifungals,West,MAT Aug 2026,55752610,45104866,171016,145960
Itrazen,Elvia Sciences,Itraconazole,Dermatology,Antifungals,East,MAT Aug 2026,38371845,32376913,121545,108193
Itrazen,Elvia Sciences,Itraconazole,Dermatology,Antifungals,Central,MAT Aug 2026,37101010,30369580,115654,99874
Ketorin,Solvex Pharma,Ketoconazole,Dermatology,Antifungals,North,MAT Aug 2026,320006664,306008534,901796,904364
Ketorin,Solvex Pharma,Ketoconazole,Dermatology,Antifungals,South,MAT Aug 2026,251379219,227765764,693445,658918
Ketorin,Solvex Pharma,Ketoconazole,Dermatology,Antifungals,West,MAT Aug 2026,278149624,262532404,726751,719367
Ketorin,Solvex Pharma,Ketoconazole,Dermatology,Antifungals,East,MAT Aug 2026,150312794,149169380,395766,411892
Ketorin,Solvex Pharma,Ketoconazole,Dermatology,Antifungals,Central,MAT Aug 2026,210151699,202179259,542039,546883
Lulicort,Orbis Derma,Luliconazole,Dermatology,Antifungals,North,MAT Aug 2026,68934157,52610122,251418,203562
Lulicort,Orbis Derma,Luliconazole,Dermatology,Antifungals,South,MAT Aug 2026,44871039,32083114,162183,123021
Lulicort,Orbis Derma,Luliconazole,Dermatology,Antifungals,West,MAT Aug 2026,46933211,34612641,165757,129685
Lulicort,Orbis Derma,Luliconazole,Dermatology,Antifungals,East,MAT Aug 2026,26394585,20517548,102021,84133
Lulicort,Orbis Derma,Luliconazole,Dermatology,Antifungals,Central,MAT Aug 2026,32867008,24548492,114777,90946
Luliderm,Nordic Remedies India,Luliconazole,Dermatology,Antifungals,North,MAT Aug 2026,75364388,58784119,257067,213566
Luliderm,Nordic Remedies India,Luliconazole,Dermatology,Antifungals,South,MAT Aug 2026,55557916,41439672,196204,155872
Luliderm,Nordic Remedies India,Luliconazole,Dermatology,Antifungals,West,MAT Aug 2026,56743446,42923903,184190,148402
Luliderm,Nordic Remedies India,Luliconazole,Dermatology,Antifungals,East,MAT Aug 2026,44422935,34910573,155713,130336
Luliderm,Nordic Remedies India,Luliconazole,Dermatology,Antifungals,Central,MAT Aug 2026,37911315,29334223,130790,107788
Lulivan,Kestrel Biosciences,Luliconazole,Dermatology,Antifungals,North,MAT Aug 2026,82034718,52628940,289629,197587
Lulivan,Kestrel Biosciences,Luliconazole,Dermatology,Antifungals,South,MAT Aug 2026,130437333,79071791,448534,289138
Lulivan,Kestrel Biosciences,Luliconazole,Dermatology,Antifungals,West,MAT Aug 2026,74143105,46607817,273327,182709
Lulivan,Kestrel Biosciences,Luliconazole,Dermatology,Antifungals,East,MAT Aug 2026,43427612,27770009,148507,100983
Lulivan,Kestrel Biosciences,Luliconazole,Dermatology,Antifungals,Central,MAT Aug 2026,49957233,31375737,180821,120763
Sertazyl,Meridian Dermacare,Sertaconazole,Dermatology,Antifungals,North,MAT Aug 2026,186576030,167849127,541659,517031
Sertazyl,Meridian Dermacare,Sertaconazole,Dermatology,Antifungals,South,MAT Aug 2026,172167940,145638942,502681,451175
Sertazyl,Meridian Dermacare,Sertaconazole,Dermatology,Antifungals,West,MAT Aug 2026,193886642,172655187,609618,575993
Sertazyl,Meridian Dermacare,Sertaconazole,Dermatology,Antifungals,East,MAT Aug 2026,121236012,112674829,376874,371637
Sertazyl,Meridian Dermacare,Sertaconazole,Dermatology,Antifungals,Central,MAT Aug 2026,106133376,93608633,326490,305536
Soranil,Aurex Life Sciences,Luliconazole,Dermatology,Antifungals,North,MAT Aug 2026,666290024,613530586,2000769,1925175
Soranil,Aurex Life Sciences,Luliconazole,Dermatology,Antifungals,South,MAT Aug 2026,190505360,180664747,604467,599017
Soranil,Aurex Life Sciences,Luliconazole,Dermatology,Antifungals,West,MAT Aug 2026,606241864,565387745,1766993,1722010
Soranil,Aurex Life Sciences,Luliconazole,Dermatology,Antifungals,East,MAT Aug 2026,245722595,231509040,724717,713496
Soranil,Aurex Life Sciences,Luliconazole,Dermatology,Antifungals,Central,MAT Aug 2026,151240157,138978056,478908,459866
Terbiflex,Sanchit Remedies,Terbinafine,Dermatology,Antifungals,North,MAT Aug 2026,64084001,71089864,175162,205452
Terbiflex,Sanchit Remedies,Terbinafine,Dermatology,Antifungals,West,MAT Aug 2026,51826880,56048815,140095,160194
Terbiflex,Sanchit Remedies,Terbinafine,Dermatology,Antifungals,East,MAT Aug 2026,44089119,50173075,113233,136246
Terbimax,Zenova Pharma,Terbinafine,Dermatology,Antifungals,North,MAT Aug 2026,206146972,211630358,599101,644679
Terbimax,Zenova Pharma,Terbinafine,Dermatology,Antifungals,South,MAT Aug 2026,140124833,137092849,444133,455466
Terbimax,Zenova Pharma,Terbinafine,Dermatology,Antifungals,West,MAT Aug 2026,145906677,144518851,471294,489310
Terbimax,Zenova Pharma,Terbinafine,Dermatology,Antifungals,East,MAT Aug 2026,114138705,122137756,354897,398072
Terbimax,Zenova Pharma,Terbinafine,Dermatology,Antifungals,Central,MAT Aug 2026,103682814,106644124,309770,333974
Ceravita,Sable & Co Pharma,Ceramide Complex,Dermatology,Dermo-Cosmetics & Emollients,North,MAT Aug 2026,247882655,209145273,456508,402869
Ceravita,Sable & Co Pharma,Ceramide Complex,Dermatology,Dermo-Cosmetics & Emollients,South,MAT Aug 2026,216546968,169780986,390939,320597
Ceravita,Sable & Co Pharma,Ceramide Complex,Dermatology,Dermo-Cosmetics & Emollients,West,MAT Aug 2026,290628019,239603175,520133,448522
Ceravita,Sable & Co Pharma,Ceramide Complex,Dermatology,Dermo-Cosmetics & Emollients,East,MAT Aug 2026,142789356,120027041,259364,228037
Ceravita,Sable & Co Pharma,Ceramide Complex,Dermatology,Dermo-Cosmetics & Emollients,Central,MAT Aug 2026,142153002,116521014,244941,210002
Cerawell,Meridian Dermacare,Ceramide Complex,Dermatology,Dermo-Cosmetics & Emollients,North,MAT Aug 2026,57948811,46556739,102009,86776
Cerawell,Meridian Dermacare,Ceramide Complex,Dermatology,Dermo-Cosmetics & Emollients,South,MAT Aug 2026,52007258,39460149,88643,71213
Cerawell,Meridian Dermacare,Ceramide Complex,Dermatology,Dermo-Cosmetics & Emollients,West,MAT Aug 2026,59330546,46142094,98020,80715
Cerawell,Meridian Dermacare,Ceramide Complex,Dermatology,Dermo-Cosmetics & Emollients,East,MAT Aug 2026,30565315,24686966,53147,45450
Cerawell,Meridian Dermacare,Ceramide Complex,Dermatology,Dermo-Cosmetics & Emollients,Central,MAT Aug 2026,30148069,23935442,49427,41550
Emollex,Elvia Sciences,Urea,Dermatology,Dermo-Cosmetics & Emollients,West,MAT Aug 2026,81783200,72513002,136561,128243
Emollex,Elvia Sciences,Urea,Dermatology,Dermo-Cosmetics & Emollients,East,MAT Aug 2026,35310013,32795183,56045,55132
Emollex,Elvia Sciences,Urea,Dermatology,Dermo-Cosmetics & Emollients,Central,MAT Aug 2026,52906786,46462850,85926,79924
Glycolux,Nuvia Life,Glycolic Acid,Dermatology,Dermo-Cosmetics & Emollients,North,MAT Aug 2026,129371942,113279294,245306,228870
Glycolux,Nuvia Life,Glycolic Acid,Dermatology,Dermo-Cosmetics & Emollients,South,MAT Aug 2026,115746013,94502917,222905,193922
Glycolux,Nuvia Life,Glycolic Acid,Dermatology,Dermo-Cosmetics & Emollients,West,MAT Aug 2026,110348529,92320000,202317,180356
Glycolux,Nuvia Life,Glycolic Acid,Dermatology,Dermo-Cosmetics & Emollients,East,MAT Aug 2026,81005365,71107092,157152,146990
Glycolux,Nuvia Life,Glycolic Acid,Dermatology,Dermo-Cosmetics & Emollients,Central,MAT Aug 2026,73528151,61893360,147357,132169
Hydraderm,Pentara Labs,Ceramide Complex,Dermatology,Dermo-Cosmetics & Emollients,North,MAT Aug 2026,101549818,92853896,184367,179573
Hydraderm,Pentara Labs,Ceramide Complex,Dermatology,Dermo-Cosmetics & Emollients,South,MAT Aug 2026,129961630,112977752,216223,200224
Hydraderm,Pentara Labs,Ceramide Complex,Dermatology,Dermo-Cosmetics & Emollients,West,MAT Aug 2026,92197772,81930238,158192,149742
Hydraderm,Pentara Labs,Ceramide Complex,Dermatology,Dermo-Cosmetics & Emollients,East,MAT Aug 2026,77104165,71971513,138413,137624
Hydraderm,Pentara Labs,Ceramide Complex,Dermatology,Dermo-Cosmetics & Emollients,Central,MAT Aug 2026,59186615,53924407,100393,97432
Moistura,Indus Cutis,Urea,Dermatology,Dermo-Cosmetics & Emollients,North,MAT Aug 2026,52794927,50514110,116582,115868
Moistura,Indus Cutis,Urea,Dermatology,Dermo-Cosmetics & Emollients,South,MAT Aug 2026,66909512,59599620,147456,136437
Moistura,Indus Cutis,Urea,Dermatology,Dermo-Cosmetics & Emollients,West,MAT Aug 2026,63681774,58823191,137390,131827
Moistura,Indus Cutis,Urea,Dermatology,Dermo-Cosmetics & Emollients,East,MAT Aug 2026,28874628,27904217,61799,62037
Moistura,Indus Cutis,Urea,Dermatology,Dermo-Cosmetics & Emollients,Central,MAT Aug 2026,27739159,25858811,56962,55159
Solguard,Aurex Life Sciences,Sunscreen Filters,Dermatology,Dermo-Cosmetics & Emollients,North,MAT Aug 2026,118567499,104506558,176566,161397
Solguard,Aurex Life Sciences,Sunscreen Filters,Dermatology,Dermo-Cosmetics & Emollients,South,MAT Aug 2026,80087761,65825788,128609,109625
Solguard,Aurex Life Sciences,Sunscreen Filters,Dermatology,Dermo-Cosmetics & Emollients,West,MAT Aug 2026,87564482,75418340,128477,114758
Solguard,Aurex Life Sciences,Sunscreen Filters,Dermatology,Dermo-Cosmetics & Emollients,East,MAT Aug 2026,45027944,40656312,71131,66606
Solguard,Aurex Life Sciences,Sunscreen Filters,Dermatology,Dermo-Cosmetics & Emollients,Central,MAT Aug 2026,58752314,50856567,88883,79790
Suncora SPF,Orbis Derma,Sunscreen Filters,Dermatology,Dermo-Cosmetics & Emollients,North,MAT Aug 2026,269141326,220921073,394685,341401
Suncora SPF,Orbis Derma,Sunscreen Filters,Dermatology,Dermo-Cosmetics & Emollients,South,MAT Aug 2026,200826074,153084061,295529,237392
Suncora SPF,Orbis Derma,Sunscreen Filters,Dermatology,Dermo-Cosmetics & Emollients,West,MAT Aug 2026,164842671,131154629,252316,211551
Suncora SPF,Orbis Derma,Sunscreen Filters,Dermatology,Dermo-Cosmetics & Emollients,East,MAT Aug 2026,111381038,92772338,168638,148020
Suncora SPF,Orbis Derma,Sunscreen Filters,Dermatology,Dermo-Cosmetics & Emollients,Central,MAT Aug 2026,123808891,100020060,193798,164984
Sunvia,Zenova Pharma,Sunscreen Filters,Dermatology,Dermo-Cosmetics & Emollients,North,MAT Aug 2026,87866457,74016847,184144,164176
Sunvia,Zenova Pharma,Sunscreen Filters,Dermatology,Dermo-Cosmetics & Emollients,South,MAT Aug 2026,77790345,62776624,165893,141692
Sunvia,Zenova Pharma,Sunscreen Filters,Dermatology,Dermo-Cosmetics & Emollients,East,MAT Aug 2026,44343198,38543081,88099,81047
Urexoft,Crestlin Pharma,Urea,Dermatology,Dermo-Cosmetics & Emollients,North,MAT Aug 2026,145491224,129775676,256002,242954
Urexoft,Crestlin Pharma,Urea,Dermatology,Dermo-Cosmetics & Emollients,South,MAT Aug 2026,161294506,136257734,268367,241209
Urexoft,Crestlin Pharma,Urea,Dermatology,Dermo-Cosmetics & Emollients,West,MAT Aug 2026,152190134,133436267,269243,251163
Urexoft,Crestlin Pharma,Urea,Dermatology,Dermo-Cosmetics & Emollients,East,MAT Aug 2026,71794880,66098008,118870,116437
Urexoft,Crestlin Pharma,Urea,Dermatology,Dermo-Cosmetics & Emollients,Central,MAT Aug 2026,99229255,86970867,169970,158501
Apremid,Nordic Remedies India,Apremilast,Dermatology,Psoriasis & Immunology,North,MAT Aug 2026,240950950,186207553,92311,73933
Apremid,Nordic Remedies India,Apremilast,Dermatology,Psoriasis & Immunology,South,MAT Aug 2026,215579076,158137742,80440,61153
Apremid,Nordic Remedies India,Apremilast,Dermatology,Psoriasis & Immunology,West,MAT Aug 2026,195660863,145056855,77152,59279
Apremid,Nordic Remedies India,Apremilast,Dermatology,Psoriasis & Immunology,East,MAT Aug 2026,117161916,92151048,45167,36818
Apremid,Nordic Remedies India,Apremilast,Dermatology,Psoriasis & Immunology,Central,MAT Aug 2026,110647195,83377899,43985,34350
Apretab,Halcyon Pharma,Apremilast,Dermatology,Psoriasis & Immunology,South,MAT Aug 2026,75847376,53537786,39316,28787
Apretab,Halcyon Pharma,Apremilast,Dermatology,Psoriasis & Immunology,West,MAT Aug 2026,58528723,43230963,29797,22829
Apretab,Halcyon Pharma,Apremilast,Dermatology,Psoriasis & Immunology,Central,MAT Aug 2026,45623901,33897112,22815,17583
Apreza,Solvex Pharma,Apremilast,Dermatology,Psoriasis & Immunology,North,MAT Aug 2026,69197270,50983619,32371,25351
Apreza,Solvex Pharma,Apremilast,Dermatology,Psoriasis & Immunology,South,MAT Aug 2026,58512364,41494926,27762,20926
Apreza,Solvex Pharma,Apremilast,Dermatology,Psoriasis & Immunology,West,MAT Aug 2026,67216651,48959308,31996,24771
Apreza,Solvex Pharma,Apremilast,Dermatology,Psoriasis & Immunology,East,MAT Aug 2026,44187286,33458380,21622,17402
Apreza,Solvex Pharma,Apremilast,Dermatology,Psoriasis & Immunology,Central,MAT Aug 2026,50886430,37269090,24650,19189
Calcipro,Vantiva Healthcare,Calcipotriol + Betamethasone,Dermatology,Psoriasis & Immunology,North,MAT Aug 2026,183266907,149321555,68656,58016
Calcipro,Vantiva Healthcare,Calcipotriol + Betamethasone,Dermatology,Psoriasis & Immunology,South,MAT Aug 2026,168656187,128460514,66985,52914
Calcipro,Vantiva Healthcare,Calcipotriol + Betamethasone,Dermatology,Psoriasis & Immunology,West,MAT Aug 2026,184450462,146867904,74864,61823
Calcipro,Vantiva Healthcare,Calcipotriol + Betamethasone,Dermatology,Psoriasis & Immunology,East,MAT Aug 2026,107195633,88939496,40994,35275
Calcipro,Vantiva Healthcare,Calcipotriol + Betamethasone,Dermatology,Psoriasis & Immunology,Central,MAT Aug 2026,116430811,93004824,46258,38322
Metholan,Zenova Pharma,Methotrexate,Dermatology,Psoriasis & Immunology,North,MAT Aug 2026,81271725,76460779,40803,40453
Metholan,Zenova Pharma,Methotrexate,Dermatology,Psoriasis & Immunology,South,MAT Aug 2026,76560735,67941599,38806,36290
Metholan,Zenova Pharma,Methotrexate,Dermatology,Psoriasis & Immunology,West,MAT Aug 2026,77323659,70772223,34951,33711
Metholan,Zenova Pharma,Methotrexate,Dermatology,Psoriasis & Immunology,East,MAT Aug 2026,43595516,41281121,19731,19689
Metholan,Zenova Pharma,Methotrexate,Dermatology,Psoriasis & Immunology,Central,MAT Aug 2026,51248365,46826279,23177,22316
Psorilite,Bharat Cutis,Calcipotriol,Dermatology,Psoriasis & Immunology,North,MAT Aug 2026,39458289,34853111,15673,14368
Psorilite,Bharat Cutis,Calcipotriol,Dermatology,Psoriasis & Immunology,South,MAT Aug 2026,43251355,35590119,16894,14428
Psorilite,Bharat Cutis,Calcipotriol,Dermatology,Psoriasis & Immunology,West,MAT Aug 2026,37290356,31762553,13810,12208
Psorinex,Kritika Labs,Calcipotriol,Dermatology,Psoriasis & Immunology,North,MAT Aug 2026,128505845,109091875,61706,54701
Psorinex,Kritika Labs,Calcipotriol,Dermatology,Psoriasis & Immunology,South,MAT Aug 2026,100731312,81565110,48375,40904
Psorinex,Kritika Labs,Calcipotriol,Dermatology,Psoriasis & Immunology,West,MAT Aug 2026,112271692,94302563,50041,43891
Psorinex,Kritika Labs,Calcipotriol,Dermatology,Psoriasis & Immunology,East,MAT Aug 2026,72126529,62684263,34567,31371
Psorinex,Kritika Labs,Calcipotriol,Dermatology,Psoriasis & Immunology,Central,MAT Aug 2026,76364622,64560283,34319,30297
Secukin-D,Meridian Dermacare,Secukinumab,Dermatology,Psoriasis & Immunology,North,MAT Aug 2026,125167016,87672880,52207,38100
Secukin-D,Meridian Dermacare,Secukinumab,Dermatology,Psoriasis & Immunology,South,MAT Aug 2026,91151357,61303241,40836,28615
Secukin-D,Meridian Dermacare,Secukinumab,Dermatology,Psoriasis & Immunology,West,MAT Aug 2026,104923961,72243366,42586,30550
Secukin-D,Meridian Dermacare,Secukinumab,Dermatology,Psoriasis & Immunology,East,MAT Aug 2026,48715657,35008041,20550,15387
Secukin-D,Meridian Dermacare,Secukinumab,Dermatology,Psoriasis & Immunology,Central,MAT Aug 2026,70042009,48594050,31019,22422
Fusicare,Amaris Pharma,Fusidic Acid,Dermatology,Topical Antibacterials,North,MAT Aug 2026,56220236,55308235,237545,246225
Fusicare,Amaris Pharma,Fusidic Acid,Dermatology,Topical Antibacterials,South,MAT Aug 2026,58697068,53353469,227109,217505
Fusicare,Amaris Pharma,Fusidic Acid,Dermatology,Topical Antibacterials,West,MAT Aug 2026,47123644,44844146,196480,197003
Fusicare,Amaris Pharma,Fusidic Acid,Dermatology,Topical Antibacterials,East,MAT Aug 2026,33255706,33815313,133795,143343
Fusicare,Amaris Pharma,Fusidic Acid,Dermatology,Topical Antibacterials,Central,MAT Aug 2026,24703346,23789997,103709,105231
Fusiderm,Cygnet Derma,Fusidic Acid,Dermatology,Topical Antibacterials,North,MAT Aug 2026,143212401,133795714,660787,653097
Fusiderm,Cygnet Derma,Fusidic Acid,Dermatology,Topical Antibacterials,South,MAT Aug 2026,168568447,147532889,745906,690640
Fusiderm,Cygnet Derma,Fusidic Acid,Dermatology,Topical Antibacterials,West,MAT Aug 2026,127144948,115594584,569311,547574
Fusiderm,Cygnet Derma,Fusidic Acid,Dermatology,Topical Antibacterials,East,MAT Aug 2026,80031324,77100761,339613,346129
Fusiderm,Cygnet Derma,Fusidic Acid,Dermatology,Topical Antibacterials,Central,MAT Aug 2026,101042880,93954714,436089,428986
Mupiban,Rivona Labs,Mupirocin,Dermatology,Topical Antibacterials,North,MAT Aug 2026,88683824,93927640,420932,471065
Mupiban,Rivona Labs,Mupirocin,Dermatology,Topical Antibacterials,South,MAT Aug 2026,70731017,68742624,326314,335098
Mupiban,Rivona Labs,Mupirocin,Dermatology,Topical Antibacterials,West,MAT Aug 2026,66640557,68265587,314765,340698
Mupiban,Rivona Labs,Mupirocin,Dermatology,Topical Antibacterials,East,MAT Aug 2026,36129916,38759678,181599,205849
Mupiban,Rivona Labs,Mupirocin,Dermatology,Topical Antibacterials,Central,MAT Aug 2026,47814686,48381343,228425,244219
Mupicare,Kritika Labs,Mupirocin,Dermatology,Topical Antibacterials,North,MAT Aug 2026,55030860,52930021,274843,273774
Mupicare,Kritika Labs,Mupirocin,Dermatology,Topical Antibacterials,South,MAT Aug 2026,42798088,38756361,210095,197036
Mupicare,Kritika Labs,Mupirocin,Dermatology,Topical Antibacterials,West,MAT Aug 2026,42171052,39624200,200041,194660
Mupirex,Aventra Healthcare,Mupirocin,Dermatology,Topical Antibacterials,North,MAT Aug 2026,208115809,192675477,766265,758969
Mupirex,Aventra Healthcare,Mupirocin,Dermatology,Topical Antibacterials,South,MAT Aug 2026,201359303,177127774,735489,692173
Mupirex,Aventra Healthcare,Mupirocin,Dermatology,Topical Antibacterials,West,MAT Aug 2026,180125137,161279698,678687,650127
Mupirex,Aventra Healthcare,Mupirocin,Dermatology,Topical Antibacterials,East,MAT Aug 2026,102229870,98759985,405815,419426
Mupirex,Aventra Healthcare,Mupirocin,Dermatology,Topical Antibacterials,Central,MAT Aug 2026,98169881,90040037,370603,363655
Nadicin,Halcyon Pharma,Nadifloxacin,Dermatology,Topical Antibacterials,North,MAT Aug 2026,95680053,85971091,371267,347687
Nadicin,Halcyon Pharma,Nadifloxacin,Dermatology,Topical Antibacterials,South,MAT Aug 2026,107141227,90248104,440822,387005
Nadicin,Halcyon Pharma,Nadifloxacin,Dermatology,Topical Antibacterials,West,MAT Aug 2026,84234454,72038264,335976,299471
Nadicin,Halcyon Pharma,Nadifloxacin,Dermatology,Topical Antibacterials,East,MAT Aug 2026,55665492,50381979,232417,219245
Nadicin,Halcyon Pharma,Nadifloxacin,Dermatology,Topical Antibacterials,Central,MAT Aug 2026,67278774,58194866,275833,248671
Nadiflex,Solvex Pharma,Nadifloxacin,Dermatology,Topical Antibacterials,North,MAT Aug 2026,40973107,37687013,145228,140379
Nadiflex,Solvex Pharma,Nadifloxacin,Dermatology,Topical Antibacterials,South,MAT Aug 2026,36125303,30987191,133614,120443
Nadiflex,Solvex Pharma,Nadifloxacin,Dermatology,Topical Antibacterials,West,MAT Aug 2026,32901590,29339414,115769,108489
Clobenol,Nuvia Life,Clobetasol,Dermatology,Topical Corticosteroids,North,MAT Aug 2026,258106108,253443587,1578442,1635130
Clobenol,Nuvia Life,Clobetasol,Dermatology,Topical Corticosteroids,South,MAT Aug 2026,260271217,238130048,1620673,1564314
Clobenol,Nuvia Life,Clobetasol,Dermatology,Topical Corticosteroids,West,MAT Aug 2026,169193978,162334611,1114435,1128032
Clobenol,Nuvia Life,Clobetasol,Dermatology,Topical Corticosteroids,East,MAT Aug 2026,123816544,125310826,762982,814638
Clobenol,Nuvia Life,Clobetasol,Dermatology,Topical Corticosteroids,Central,MAT Aug 2026,148612153,141597334,967991,972999
Clobetal,Aventra Healthcare,Clobetasol,Dermatology,Topical Corticosteroids,North,MAT Aug 2026,64755922,68816595,319249,355706
Clobetal,Aventra Healthcare,Clobetasol,Dermatology,Topical Corticosteroids,South,MAT Aug 2026,88713124,87798081,441878,458508
Clobetal,Aventra Healthcare,Clobetasol,Dermatology,Topical Corticosteroids,West,MAT Aug 2026,79277479,80610972,409128,436165
Clobetal,Aventra Healthcare,Clobetasol,Dermatology,Topical Corticosteroids,East,MAT Aug 2026,46098839,50239361,229021,261683
Clobetal,Aventra Healthcare,Clobetasol,Dermatology,Topical Corticosteroids,Central,MAT Aug 2026,51154636,54069961,278696,308851
Clobix,Lumis Pharma,Clobetasol,Dermatology,Topical Corticosteroids,North,MAT Aug 2026,56619611,59347433,349351,387222
Clobix,Lumis Pharma,Clobetasol,Dermatology,Topical Corticosteroids,West,MAT Aug 2026,49204819,48910314,305489,321108
Clobix,Lumis Pharma,Clobetasol,Dermatology,Topical Corticosteroids,East,MAT Aug 2026,24175570,25409588,158603,176277
Desonex,Indus Cutis,Desonide,Dermatology,Topical Corticosteroids,North,MAT Aug 2026,127699626,114258988,886583,825204
Desonex,Indus Cutis,Desonide,Dermatology,Topical Corticosteroids,South,MAT Aug 2026,92374672,76966257,584117,506278
Desonex,Indus Cutis,Desonide,Dermatology,Topical Corticosteroids,West,MAT Aug 2026,79651570,68688747,510935,458351
Desonex,Indus Cutis,Desonide,Dermatology,Topical Corticosteroids,East,MAT Aug 2026,69574285,63950184,466542,446093
Desonex,Indus Cutis,Desonide,Dermatology,Topical Corticosteroids,Central,MAT Aug 2026,70699847,61851695,481856,438522
Flutiderm,Cygnet Derma,Fluticasone,Dermatology,Topical Corticosteroids,North,MAT Aug 2026,73120182,68359980,436502,436104
Flutiderm,Cygnet Derma,Fluticasone,Dermatology,Topical Corticosteroids,South,MAT Aug 2026,69290337,62031219,459439,439546
Flutiderm,Cygnet Derma,Fluticasone,Dermatology,Topical Corticosteroids,East,MAT Aug 2026,37589481,35661937,240484,243817
Flutizone,Pentara Labs,Fluticasone,Dermatology,Topical Corticosteroids,North,MAT Aug 2026,181457094,170169620,945585,935640
Flutizone,Pentara Labs,Fluticasone,Dermatology,Topical Corticosteroids,South,MAT Aug 2026,155184192,134039103,815943,743608
Flutizone,Pentara Labs,Fluticasone,Dermatology,Topical Corticosteroids,West,MAT Aug 2026,166960792,149836260,891400,844063
Flutizone,Pentara Labs,Fluticasone,Dermatology,Topical Corticosteroids,East,MAT Aug 2026,106059434,101627541,528461,534287
Flutizone,Pentara Labs,Fluticasone,Dermatology,Topical Corticosteroids,Central,MAT Aug 2026,130338489,118885107,651226,626739
Halobet,Sable & Co Pharma,Halobetasol,Dermatology,Topical Corticosteroids,North,MAT Aug 2026,144769923,150600797,717293,790537
Halobet,Sable & Co Pharma,Halobetasol,Dermatology,Topical Corticosteroids,South,MAT Aug 2026,138825996,132679035,668004,676374
Halobet,Sable & Co Pharma,Halobetasol,Dermatology,Topical Corticosteroids,West,MAT Aug 2026,101279488,100054176,486742,509435
Halobet,Sable & Co Pharma,Halobetasol,Dermatology,Topical Corticosteroids,East,MAT Aug 2026,71963725,76204836,356598,400058
Halobet,Sable & Co Pharma,Halobetasol,Dermatology,Topical Corticosteroids,Central,MAT Aug 2026,63160867,63016422,298986,316033
Momecort,Crestlin Pharma,Mometasone,Dermatology,Topical Corticosteroids,North,MAT Aug 2026,389159565,369430765,1865670,1844907
Momecort,Crestlin Pharma,Mometasone,Dermatology,Topical Corticosteroids,South,MAT Aug 2026,284956521,254001431,1386687,1287569
Momecort,Crestlin Pharma,Mometasone,Dermatology,Topical Corticosteroids,West,MAT Aug 2026,345908997,315479950,1769391,1681001
Momecort,Crestlin Pharma,Mometasone,Dermatology,Topical Corticosteroids,East,MAT Aug 2026,207323441,199398649,1054767,1056731
Momecort,Crestlin Pharma,Mometasone,Dermatology,Topical Corticosteroids,Central,MAT Aug 2026,192651477,176773861,954515,912353
Momeflex,Aurex Life Sciences,Mometasone,Dermatology,Topical Corticosteroids,North,MAT Aug 2026,151275391,145246605,830650,850254
Momeflex,Aurex Life Sciences,Mometasone,Dermatology,Topical Corticosteroids,South,MAT Aug 2026,156305618,139431103,839732,798580
Momeflex,Aurex Life Sciences,Mometasone,Dermatology,Topical Corticosteroids,West,MAT Aug 2026,143092034,133353674,820072,814768
Momeflex,Aurex Life Sciences,Mometasone,Dermatology,Topical Corticosteroids,East,MAT Aug 2026,82895053,80844420,487000,506342
Momeflex,Aurex Life Sciences,Mometasone,Dermatology,Topical Corticosteroids,Central,MAT Aug 2026,76431904,72215175,422849,425923
Momesol,Verdant Derma,Mometasone,Dermatology,Topical Corticosteroids,North,MAT Aug 2026,56696750,55121538,273764,281228
Momesol,Verdant Derma,Mometasone,Dermatology,Topical Corticosteroids,South,MAT Aug 2026,65692054,58777033,328362,310433
Momesol,Verdant Derma,Mometasone,Dermatology,Topical Corticosteroids,Central,MAT Aug 2026,27611196,26410211,136965,138425
Steroderm,Cygnet Derma,Mometasone,Dermatology,Topical Corticosteroids,North,MAT Aug 2026,65060868,60153406,303600,297818
Steroderm,Cygnet Derma,Mometasone,Dermatology,Topical Corticosteroids,South,MAT Aug 2026,78445926,67764336,373696,342498
Steroderm,Cygnet Derma,Mometasone,Dermatology,Topical Corticosteroids,West,MAT Aug 2026,59794053,53185259,288179,271960
Steroderm,Cygnet Derma,Mometasone,Dermatology,Topical Corticosteroids,East,MAT Aug 2026,41647977,39038056,185386,184366
Steroderm,Cygnet Derma,Mometasone,Dermatology,Topical Corticosteroids,Central,MAT Aug 2026,35051176,31315290,155536,147433
